id,title,publication_year,doi,primary_location.source.host_organization_lineage,open_access.is_oa,cited_by_count,authorships.author.display_name,abstract_inverted_index
https://openalex.org/W4393935425,Global cancer statistics 2022: GLOBOCAN estimates of incidence and mortality worldwide for 36 cancers in 185 countries,2024,https://doi.org/10.3322/caac.21834,['https://openalex.org/P4310320595'],True,9328,Freddie Bray; Mathieu Laversanne; Hyuna Sung; Jacques Ferlay; Rebecca L. Siegel; Isabelle Soerjomataram; Ahmedin Jemal,"{""Abstract"": [0], ""This"": [1], ""article"": [2], ""presents"": [3], ""global"": [4, 256], ""cancer"": [5, 36, 51, 66, 85, 91, 128, 135, 158, 161, 244, 257, 272, 290, 303], ""statistics"": [6], ""by"": [7, 113, 145, 277], ""world"": [8, 186, 238], ""region"": [9], ""for"": [10, 22, 95, 240, 255, 289], ""the"": [11, 19, 38, 87, 116, 131, 163, 233, 241, 249, 253, 266, 283, 321], ""year"": [12, 39], ""2022"": [13, 40], ""based"": [14], ""on"": [15, 24], ""updated"": [16], ""estimates"": [17, 55], ""from"": [18, 50, 82, 181, 188, 209], ""International"": [20], ""Agency"": [21], ""Research"": [23], ""Cancer"": [25], ""(IARC)."": [26], ""There"": [27], ""were"": [28, 162], ""close"": [29, 219], ""to"": [30, 183, 197, 218, 220, 318], ""20"": [31, 237], ""million"": [32, 48, 98, 141, 276], ""new"": [33, 99, 269], ""cases"": [34, 173, 270], ""of"": [35, 108, 115, 134, 268, 271, 285, 301], ""in"": [37, 60, 67, 73, 78, 92, 103, 167, 191, 200, 212, 222, 280], ""(including"": [41, 52, 178, 291], ""nonmelanoma"": [42], ""skin"": [43], ""cancers"": [44, 105, 110, 114, 166], ""[NMSCs])"": [45], ""alongside"": [46], ""9.7"": [47], ""deaths"": [49, 142], ""NMSC)."": [53], ""The"": [54, 230], ""suggest"": [56], ""that"": [57, 265], ""approximately"": [58], ""one"": [59, 72, 77, 102], ""five"": [61], ""men"": [62, 75], ""or"": [63, 101], ""women"": [64, 80, 168], ""develop"": [65], ""a"": [68], ""lifetime,"": [69], ""whereas"": [70], ""around"": [71], ""nine"": [74], ""and"": [76, 124, 153, 159, 169, 174, 208, 252, 259, 294, 296, 305], ""12"": [79], ""die"": [81], ""it."": [83], ""Lung"": [84, 127], ""was"": [86, 129], ""most"": [88, 164], ""frequently"": [89], ""diagnosed"": [90], ""2022,"": [93], ""responsible"": [94], ""almost"": [96], ""2.5"": [97], ""cases,"": [100], ""eight"": [104], ""worldwide"": [106], ""(12.4%"": [107], ""all"": [109], ""globally),"": [111], ""followed"": [112, 144], ""female"": [117, 150], ""breast"": [118, 151], ""(11.6%),"": [119], ""colorectum"": [120], ""(9.6%),"": [121], ""prostate"": [122], ""(7.3%),"": [123], ""stomach"": [125, 154], ""(4.9%)."": [126], ""also"": [130], ""leading"": [132, 243], ""cause"": [133], ""death,"": [136], ""with"": [137], ""an"": [138], ""estimated"": [139], ""1.8"": [140], ""(18.7%),"": [143], ""colorectal"": [146], ""(9.3%),"": [147], ""liver"": [148], ""(7.8%),"": [149], ""(6.9%),"": [152], ""(6.8%)"": [155], ""cancers."": [156], ""Breast"": [157], ""lung"": [160], ""frequent"": [165], ""men,"": [170, 207], ""respectively"": [171], ""(both"": [172], ""deaths)."": [175], ""Incidence"": [176], ""rates"": [177], ""NMSC)"": [179], ""varied"": [180], ""four\u2010fold"": [182], ""five\u2010fold"": [184], ""across"": [185, 236], ""regions,"": [187], ""over"": [189, 210, 320], ""500"": [190], ""Australia/New"": [192, 213], ""Zealand"": [193, 214], ""(507.9"": [194], ""per"": [195, 204, 216, 226], ""100,000)"": [196, 205, 217, 227], ""under"": [198], ""100"": [199, 221], ""Western"": [201], ""Africa"": [202], ""(97.1"": [203], ""among"": [206, 228], ""400"": [211], ""(410.5"": [215], ""South\u2010Central"": [223], ""Asia"": [224], ""(103.3"": [225], ""women."": [229], ""authors"": [231], ""examine"": [232], ""geographic"": [234], ""variability"": [235], ""regions"": [239], ""10"": [242], ""types,"": [245], ""discussing"": [246], ""recent"": [247], ""trends,"": [248], ""underlying"": [250], ""determinants,"": [251], ""prospects"": [254], ""prevention"": [258], ""control."": [260], ""With"": [261], ""demographics\u2010based"": [262], ""predictions"": [263], ""indicating"": [264], ""number"": [267], ""will"": [273], ""reach"": [274], ""35"": [275], ""2050,"": [278], ""investments"": [279], ""prevention,"": [281], ""including"": [282], ""targeting"": [284], ""key"": [286], ""risk"": [287], ""factors"": [288], ""smoking,"": [292], ""overweight"": [293], ""obesity,"": [295], ""infection),"": [297], ""could"": [298], ""avert"": [299], ""millions"": [300], ""future"": [302], ""diagnoses"": [304], ""save"": [306], ""many"": [307], ""lives"": [308], ""worldwide,"": [309], ""bringing"": [310], ""huge"": [311], ""economic"": [312], ""as"": [313, 315], ""well"": [314], ""societal"": [316], ""dividends"": [317], ""countries"": [319], ""forthcoming"": [322], ""decades."": [323]}"
https://openalex.org/W2029648951,8 Decolonizing Methodologies: Research and Indigenous Peoples,2024,https://doi.org/10.21832/9781800418868-012,[],False,7559,Linda Tuhiwai Smith,"{""Foreword"": [0], ""Introduction"": [1], ""1."": [2], ""Imperialism,"": [3], ""History,"": [4], ""Writing"": [5], ""and"": [6], ""Theory"": [7], ""2."": [8], ""Research"": [9, 17, 40, 67, 75, 94], ""through"": [10], ""Imperial"": [11], ""Eyes"": [12], ""3."": [13], ""Colonizing"": [14], ""Knowledges"": [15], ""4."": [16], ""Adventures"": [18], ""on"": [19], ""Indigenous"": [20, 29, 39, 44, 53, 63, 77, 91, 93], ""Land"": [21], ""5."": [22], ""Notes"": [23], ""from"": [24], ""Down"": [25], ""Under"": [26], ""6."": [27], ""The"": [28, 72], ""People's"": [30], ""Project:"": [31], ""Setting"": [32], ""a"": [33], ""New"": [34], ""Agenda"": [35, 41], ""7."": [36], ""Articulating"": [37], ""an"": [38, 52], ""8."": [42], ""Twenty-Five"": [43], ""Projects"": [45], ""9."": [46], ""Responding"": [47], ""to"": [48], ""the"": [49, 70, 84, 88], ""Imperatives"": [50], ""of"": [51, 58, 74], ""Agenda:"": [54], ""A"": [55, 96], ""Case"": [56], ""Study"": [57], ""Maori"": [59, 66], ""10."": [60], ""Towards"": [61], ""Developing"": [62], ""Methodologies:"": [64], ""Kaupapa"": [65], ""11."": [68], ""Choosing"": [69], ""Margins:"": [71], ""Role"": [73], ""in"": [76], ""Struggles"": [78], ""for"": [79], ""Social"": [80], ""Justice"": [81], ""12."": [82], ""Getting"": [83], ""Story"": [85, 89], ""Right,"": [86], ""Telling"": [87], ""Well:"": [90], ""Activism,"": [92], ""Conclusion:"": [95], ""Personal"": [97], ""Journey"": [98], ""Index"": [99]}"
https://openalex.org/W4401545442,The Quarterly Journal of Economics,2024,https://doi.org/10.4324/9781003549741-8,['https://openalex.org/P4310320449'],False,7399,Simon Kuznets,"{""I."": [0], ""Formulation"": [1], ""of"": [2, 35, 49], ""the"": [3, 25, 47], ""question."": [4], ""A"": [5], ""brief"": [6], ""historical"": [7], ""survey,"": [8], ""381."": [9], ""\u2014"": [10, 20, 31, 42, 53], ""II."": [11], ""Recent"": [12], ""discussion"": [13], ""in"": [14], ""Germany:"": [15], ""Lederer,"": [16], ""Loewe,"": [17], ""Carrel,"": [18], ""386."": [19], ""III."": [21], ""In"": [22], ""what"": [23], ""sense"": [24], ""equilibrium"": [26], ""theory"": [27], ""is"": [28], ""valid,"": [29], ""392."": [30], ""IV."": [32], ""The"": [33], ""clement"": [34], ""time"": [36], ""differences:"": [37], ""Rosenstein-Rodan,"": [38], ""further"": [39], ""elaboration,"": [40], ""401."": [41], ""V."": [43], ""Time"": [44], ""differences"": [45], ""and"": [46], ""cumulation"": [48], ""random"": [50], ""changes,"": [51], ""408."": [52], ""VI."": [54], ""Summary,"": [55], ""412."": [56]}"
https://openalex.org/W4390946922,"Cancer statistics, 2024",2024,https://doi.org/10.3322/caac.21820,['https://openalex.org/P4310320595'],True,5032,Rebecca L. Siegel; Angela N. Giaquinto; Ahmedin Jemal,"{""Abstract"": [0], ""Each"": [1], ""year,"": [2], ""the"": [3, 8, 17, 22, 47, 70, 103, 119, 179, 195], ""American"": [4, 244, 263], ""Cancer"": [5, 73], ""Society"": [6], ""estimates"": [7], ""numbers"": [9], ""of"": [10, 88, 118, 182], ""new"": [11, 58], ""cancer"": [12, 28, 38, 59, 63, 177, 183, 214, 254], ""cases"": [13, 60], ""and"": [14, 20, 30, 42, 61, 97, 105, 134, 138, 147, 152, 167, 188, 203, 228, 235, 239, 256, 265, 268], ""deaths"": [15, 64, 84], ""in"": [16, 69, 90, 101, 173, 185, 194, 201, 205, 232, 242, 253], ""United"": [18, 71], ""States"": [19], ""compiles"": [21], ""most"": [23], ""recent"": [24], ""data"": [25, 34, 44], ""on"": [26], ""population\u2010based"": [27], ""occurrence"": [29], ""outcomes"": [31], ""using"": [32], ""incidence"": [33, 115], ""collected"": [35, 45], ""by"": [36, 46, 113, 128, 139, 159, 211], ""central"": [37], ""registries"": [39], ""(through"": [40, 53], ""2020)"": [41], ""mortality"": [43, 74, 220], ""National"": [48], ""Center"": [49], ""for"": [50, 94, 116, 131, 142, 153, 162, 225, 236], ""Health"": [51], ""Statistics"": [52], ""2021)."": [54], ""In"": [55], ""2024,"": [56], ""2,001,140"": [57], ""611,720"": [62], ""are"": [65, 111, 222], ""projected"": [66], ""to"": [67, 76, 217, 258], ""occur"": [68], ""States."": [72], ""continued"": [75], ""decline"": [77], ""through"": [78], ""2021,"": [79], ""averting"": [80], ""over"": [81], ""4"": [82], ""million"": [83], ""since"": [85], ""1991"": [86], ""because"": [87], ""reductions"": [89], ""smoking,"": [91], ""earlier"": [92], ""detection"": [93], ""some"": [95], ""cancers,"": [96], ""improved"": [98], ""treatment"": [99], ""options"": [100], ""both"": [102, 186], ""adjuvant"": [104], ""metastatic"": [106], ""settings."": [107], ""However,"": [108], ""these"": [109], ""gains"": [110], ""threatened"": [112], ""increasing"": [114], ""6"": [117], ""top"": [120], ""10"": [121], ""cancers."": [122], ""Incidence"": [123, 155], ""rates"": [124, 156, 221], ""increased"": [125, 158, 251], ""during"": [126], ""2015\u20132019"": [127], ""0.6%\u20131%"": [129], ""annually"": [130, 141, 161], ""breast,"": [132], ""pancreas,"": [133], ""uterine"": [135, 229], ""corpus"": [136, 230], ""cancers"": [137, 151, 169, 231, 241], ""2%\u20133%"": [140], ""prostate,"": [143, 226], ""liver"": [144], ""(female),"": [145], ""kidney,"": [146], ""human"": [148], ""papillomavirus\u2010associated"": [149], ""oral"": [150], ""melanoma."": [154], ""also"": [157, 209], ""1%\u20132%"": [160], ""cervical"": [163], ""(ages"": [164, 170], ""30\u201344"": [165], ""years)"": [166, 172], ""colorectal"": [168], ""&lt;55"": [171], ""young"": [174], ""adults."": [175], ""Colorectal"": [176], ""was"": [178], ""fourth\u2010leading"": [180], ""cause"": [181], ""death"": [184], ""men"": [187, 202], ""women"": [189], ""younger"": [190], ""than"": [191], ""50"": [192], ""years"": [193], ""late\u20101990s"": [196], ""but"": [197], ""is"": [198, 208], ""now"": [199], ""first"": [200], ""second"": [204], ""women."": [206], ""Progress"": [207], ""hampered"": [210], ""wide"": [212], ""persistent"": [213], ""disparities;"": [215], ""compared"": [216], ""White"": [218], ""people,"": [219], ""two\u2010fold"": [223], ""higher"": [224], ""stomach"": [227], ""Black"": [233, 269], ""people"": [234], ""liver,"": [237], ""stomach,"": [238], ""kidney"": [240], ""Native"": [243, 267], ""people."": [245], ""Continued"": [246], ""national"": [247], ""progress"": [248], ""will"": [249], ""require"": [250], ""investment"": [252], ""prevention"": [255], ""access"": [257], ""equitable"": [259], ""treatment,"": [260], ""especially"": [261], ""among"": [262], ""Indian"": [264], ""Alaska"": [266], ""individuals."": [270]}"
https://openalex.org/W2908631100,African Journal of Biotechnology,2024,https://doi.org/10.5897/ajb,['https://openalex.org/P4310321074'],True,4481,,
https://openalex.org/W4392750738,Personal Communication,2024,https://doi.org/10.4324/9781003334798-34,['https://openalex.org/P4310320449'],False,4462,Andrew P. Johnson,
https://openalex.org/W3015901506,The Difference between Emergency Remote Teaching and Online Learning,2024,https://doi.org/10.1163/9789004702813_021,['https://openalex.org/P4310320561'],True,4316,Charles B. Hodges; Stephanie Moore; Barbara B. Lockee; Torrey Trust; M. Aaron Bond,
https://openalex.org/W2900656925,Qualitative Case Studies,2024,https://doi.org/10.1017/9781009433075.010,[],False,4176,Margaret Perez Brower,"{""A"": [0], ""summary"": [1], ""is"": [2], ""not"": [3], ""available"": [4], ""for"": [5, 21], ""this"": [6, 27], ""content"": [7], ""so"": [8], ""a"": [9], ""preview"": [10], ""has"": [11], ""been"": [12], ""provided."": [13], ""Please"": [14], ""use"": [15], ""the"": [16], ""Get"": [17], ""access"": [18, 26], ""link"": [19], ""above"": [20], ""information"": [22], ""on"": [23], ""how"": [24], ""to"": [25], ""content."": [28]}"
https://openalex.org/W3021238137,The Physics of Semiconductor Devices,2024,https://doi.org/10.1007/978-981-97-1571-8,['https://openalex.org/P4310319965'],False,4099,,
https://openalex.org/W4396721167,Accurate structure prediction of biomolecular interactions with AlphaFold 3,2024,https://doi.org/10.1038/s41586-024-07487-w,"['https://openalex.org/P4310319908', 'https://openalex.org/P4310319965']",True,3719,Josh Abramson; Jonas Adler; Jack Dunger; K Taki; Tim Green; Alexander Pritzel; Olaf Ronneberger; Lindsay Willmore; Andrew J. Ballard; Joshua Bambrick; Sebastian W. Bodenstein; David A. Evans; Chia-Chun Hung; Michael O’Neill; David Reiman; Kathryn Tunyasuvunakool; Zachary Wu; Akvilė Žemgulytė; Eirini Arvaniti; Charles Beattie; Ottavia Bertolli; Alex Bridgland; Alexey V. Cherepanov; Miles Congreve; Alexander I. Cowen-Rivers; Andrew Cowie; Michael Figurnov; Fabian B. Fuchs; Hannah Gladman; Rishub Jain; Yousuf A. Khan; Caroline M. R. Low; Kuba Perlin; Anna Potapenko; Pascal Savy; Sukhdeep Singh; Adrian Stecuła; Ashok Thillaisundaram; Catherine Tong; Sergei Yakneen; Ellen D. Zhong; Michał Zieliński; Augustin Žídek; Victor Bapst; Pushmeet Kohli; Max Jaderberg; Demis Hassabis; John Jumper,"{""Abstract"": [0], ""The"": [1, 66], ""introduction"": [2], ""of"": [3, 15, 24, 49, 54], ""AlphaFold"": [4, 37, 68], ""2"": [5], ""1"": [6], ""has"": [7], ""spurred"": [8], ""a"": [9, 21, 41, 126], ""revolution"": [10], ""in"": [11, 26], ""modelling"": [12, 28, 119], ""the"": [13, 51], ""structure"": [14, 53], ""proteins"": [16], ""and"": [17, 29, 63, 101], ""their"": [18], ""interactions,"": [19], ""enabling"": [20], ""huge"": [22], ""range"": [23], ""applications"": [25], ""protein"": [27], ""design"": [30], ""2\u20136"": [31], ""."": [32, 112], ""Here"": [33], ""we"": [34], ""describe"": [35], ""our"": [36], ""3"": [38], ""model"": [39, 69], ""with"": [40, 86, 98, 108], ""substantially"": [42, 71, 102], ""updated"": [43], ""diffusion-based"": [44], ""architecture"": [45], ""that"": [46, 117], ""is"": [47, 123], ""capable"": [48], ""predicting"": [50], ""joint"": [52], ""complexes"": [55], ""including"": [56], ""proteins,"": [57], ""nucleic"": [58], ""acids,"": [59], ""small"": [60], ""molecules,"": [61], ""ions"": [62], ""modified"": [64], ""residues."": [65], ""new"": [67], ""demonstrates"": [70], ""improved"": [72], ""accuracy"": [73, 81, 92, 106], ""over"": [74], ""many"": [75], ""previous"": [76], ""specialized"": [77], ""tools:"": [78], ""far"": [79], ""greater"": [80], ""for"": [82, 93], ""protein\u2013ligand"": [83], ""interactions"": [84, 96], ""compared"": [85, 97, 107], ""state-of-the-art"": [87], ""docking"": [88], ""tools,"": [89], ""much"": [90], ""higher"": [91, 103], ""protein\u2013nucleic"": [94], ""acid"": [95], ""nucleic-acid-specific"": [99], ""predictors"": [100], ""antibody\u2013antigen"": [104], ""prediction"": [105], ""AlphaFold-Multimer"": [109], ""v.2.3"": [110], ""7,8"": [111], ""Together,"": [113], ""these"": [114], ""results"": [115], ""show"": [116], ""high-accuracy"": [118], ""across"": [120], ""biomolecular"": [121], ""space"": [122], ""possible"": [124], ""within"": [125], ""single"": [127], ""unified"": [128], ""deep-learning"": [129], ""framework."": [130]}"
https://openalex.org/W2026973491,Cognition and Categorization,2024,https://doi.org/10.4324/9781032633275,['https://openalex.org/P4310320449'],False,2898,Eleanor Rosch; Barbara Lloyd,
https://openalex.org/W4405283870,Diagnostic and Statistical Manual of Mental Disorders,2024,https://doi.org/10.4135/9781071886229.n145,[],False,2837,,
https://openalex.org/W48809960,Metacognitive Aspects of Problem Solving,2024,https://doi.org/10.4324/9781032646527-16,['https://openalex.org/P4310320449'],False,2784,John H. Flavell,"{""The"": [0], ""theory"": [1], ""and"": [2, 37, 47, 77], ""research"": [3], ""presented"": [4], ""in"": [5, 19, 33], ""Chapter"": [6], ""11"": [7], ""have"": [8], ""several"": [9], ""very"": [10], ""commendable"": [11], ""features."": [12], ""First,"": [13], ""they"": [14], ""deal"": [15], ""with"": [16, 55, 67], ""problem-solving"": [17], ""performance"": [18], ""children."": [20], ""This"": [21], ""is"": [22, 74], ""a"": [23, 75], ""topic"": [24], ""which,"": [25], ""somewhat"": [26], ""surprisingly,"": [27], ""has"": [28], ""not"": [29, 53], ""been"": [30], ""much"": [31], ""studied"": [32], ""recent"": [34], ""years."": [35], ""Resnick"": [36], ""Glaser"": [38], ""interpret"": [39], ""\""intelligence\"""": [40], ""as"": [41], ""the"": [42, 68], ""ability"": [43], ""to"": [44, 65], ""solve"": [45], ""problems,"": [46], ""of"": [48, 81], ""course"": [49], ""some"": [50], ""people"": [51], ""may"": [52], ""agree"": [54], ""that"": [56, 70], ""definition."": [57], ""It"": [58], ""would"": [59], ""be"": [60], ""hard,"": [61], ""however,"": [62], ""for"": [63], ""anyone"": [64], ""disagree"": [66], ""proposition"": [69], ""children's"": [71], ""problem"": [72], ""solving"": [73], ""worthwhile"": [76], ""currently"": [78], ""understudied"": [79], ""object"": [80], ""research."": [82]}"
https://openalex.org/W4402690901,Strategi Belajar Mengajar,2024,https://doi.org/10.30640/dewantara.v3i2.2644,[],False,2769,Nurhayani Nurhayani; Fadillah Ramadhani Asiri; Rianti Simarmata; Yisawinur Barella,"{""The"": [0], ""Project"": [1], ""Based"": [2], ""Learning"": [3], ""(PBL)"": [4], ""method"": [5], ""has"": [6], ""become"": [7], ""a"": [8, 49], ""major"": [9], ""focus"": [10], ""in"": [11, 28, 41, 75], ""the"": [12, 37], ""world"": [13], ""of"": [14, 17, 26, 39], ""education"": [15], ""because"": [16], ""its"": [18], ""potential"": [19], ""to"": [20, 35, 55, 72, 84, 93], ""increase"": [21], ""student"": [22, 86], ""engagement"": [23], ""and"": [24, 59, 62, 78], ""understanding"": [25], ""concepts"": [27], ""social"": [29, 42], ""studies"": [30, 43], ""subjects."": [31], ""This"": [32], ""research"": [33], ""aims"": [34, 92], ""explore"": [36], ""implementation"": [38], ""PBL"": [40], ""learning."": [44], ""Using"": [45], ""essential"": [46], ""questions"": [47], ""as"": [48], ""basis,"": [50], ""project"": [51, 76], ""activities"": [52], ""are"": [53, 81], ""designed"": [54], ""facilitate"": [56], ""an"": [57, 67], ""interactive"": [58], ""comprehensive"": [60], ""teaching"": [61], ""learning"": [63, 87, 96], ""process."": [64], ""In"": [65], ""addition,"": [66], ""activity"": [68], ""schedule"": [69], ""is"": [70], ""created"": [71], ""provide"": [73], ""guidance"": [74], ""planning"": [77], ""implementation."": [79], ""Assessments"": [80], ""carried"": [82], ""out"": [83], ""evaluate"": [85], ""outcomes,"": [88], ""while"": [89], ""experience"": [90], ""reflection"": [91], ""improve"": [94], ""future"": [95], ""experiences."": [97]}"
https://openalex.org/W1595502742,Treatise on Geochemistry,2024,https://doi.org/10.1016/c2020-1-04096-5,['https://openalex.org/P4310320990'],False,2761,Heinrich Holland; Karl K. Turekian,
https://openalex.org/W4255564469,Pharmacological Reviews,2024,https://doi.org/10.1124/pr,['https://openalex.org/P4310316283'],False,2669,,
https://openalex.org/W4395371383,University of North Carolina at Chapel Hill Herbarium: Vascular Plants,2024,https://doi.org/10.15468/63vxjd,['https://openalex.org/I111796040'],True,2551,Symb-Seinet,
https://openalex.org/W4403252750,World Applied Sciences Journal,2024,https://doi.org/10.5829/idosi.wasj,['https://openalex.org/P4363603480'],True,2543,,"{""A"": [0], ""network-theoretic"": [1], ""approach"": [2, 12], ""for"": [3, 59], ""determining"": [4], ""the"": [5, 16, 19, 26, 42, 56, 60, 67], ""complexity"": [6, 43], ""of"": [7, 23, 41, 44, 69], ""a"": [8, 33], ""graph"": [9, 27, 71], ""is"": [10, 13], ""proposed.This"": [11], ""based"": [14], ""on"": [15], ""relationship"": [17], ""between"": [18], ""linear"": [20, 49], ""algebra"": [21], ""(theory"": [22], ""determinants)"": [24], ""and"": [25, 66], ""theory.In"": [28], ""this"": [29, 52], ""paper"": [30], ""we"": [31], ""contribute"": [32], ""new"": [34, 46], ""algebraic"": [35], ""method"": [36, 53], ""to"": [37, 54], ""derive"": [38, 55], ""simple"": [39], ""formulas"": [40, 58], ""some"": [45], ""networks"": [47], ""using"": [48], ""algebra.We"": [50], ""apply"": [51], ""explicit"": [57], ""friendship"": [61, 70], ""network"": [62], ""3"": [63, 72], ""k"": [64], ""F"": [65], ""subdivision"": [68]}"
https://openalex.org/W4395408849,University of California Museum of Paleontology,2024,https://doi.org/10.15468/bxpyo3,['https://openalex.org/I111796040'],True,2536,Joyce Gross,"{""The"": [0], ""mission"": [1], ""of"": [2, 5, 8, 17, 20, 25], ""the"": [3, 15, 18, 23, 26], ""University"": [4], ""California"": [6], ""Museum"": [7], ""Paleontology"": [9], ""is"": [10], ""to"": [11], ""investigate"": [12], ""and"": [13, 22, 31], ""promote"": [14], ""understanding"": [16], ""history"": [19], ""life"": [21], ""diversity"": [24], ""Earth's"": [27], ""biota"": [28], ""through"": [29], ""research"": [30], ""education."": [32]}"
https://openalex.org/W1520510487,Conformal field theory,2024,https://doi.org/10.29172/b59fbf99-aaba-4b28-b58a-6104444592fb,[],False,2403,Philippe Di Francesco; Pierre Mathieu; David Sénéchal,"{""Filling"": [0], ""an"": [1, 69], ""important"": [2], ""gap"": [3], ""in"": [4, 57, 87, 105, 121], ""the"": [5, 61, 98, 116], ""literature,"": [6], ""this"": [7, 122], ""comprehensive"": [8], ""text"": [9, 64], ""develops"": [10], ""conformal"": [11], ""field"": [12, 34, 125], ""theory"": [13], ""from"": [14], ""first"": [15], ""principles."": [16], ""The"": [17, 44, 63], ""treatment"": [18], ""is"": [19, 65], ""self-contained,"": [20], ""pedagogical,"": [21], ""and"": [22, 24, 40, 53, 56, 85, 111, 128], ""exhaustive,"": [23], ""includes"": [25], ""a"": [26, 48], ""great"": [27], ""deal"": [28], ""of"": [29, 51, 103, 108, 126], ""background"": [30], ""material"": [31], ""on"": [32], ""quantum"": [33], ""theory,"": [35, 95], ""statistical"": [36, 96], ""mechanics,"": [37], ""Lie"": [38, 42], ""algebras"": [39], ""affine"": [41], ""algebras."": [43], ""many"": [45, 58], ""exercises,"": [46], ""with"": [47], ""wide"": [49], ""spectrum"": [50], ""difficulty"": [52], ""subjects,"": [54], ""complement"": [55], ""cases"": [59], ""extend"": [60], ""text."": [62], ""thus"": [66], ""not"": [67], ""only"": [68], ""excellent"": [70], ""tool"": [71], ""for"": [72, 77, 82, 118], ""classroom"": [73], ""teaching"": [74], ""but"": [75], ""also"": [76, 101], ""individual"": [78], ""study."": [79], ""Intended"": [80], ""primarily"": [81], ""graduate"": [83], ""students"": [84], ""researchers"": [86], ""theoretical"": [88, 109, 127], ""high-energy"": [89], ""physics,"": [90, 92, 97], ""mathematical"": [91, 129], ""condensed"": [93], ""matter"": [94], ""book"": [99], ""will"": [100, 114], ""be"": [102], ""interest"": [104], ""other"": [106], ""areas"": [107], ""physics"": [110], ""mathematics."": [112], ""It"": [113], ""prepare"": [115], ""reader"": [117], ""original"": [119], ""research"": [120], ""very"": [123], ""active"": [124], ""physics."": [130]}"
https://openalex.org/W4403733501,Inorganic Chemistry: Principles of Structure and Reactivity,2024,https://doi.org/10.62906/bs.book.181,[],False,2374,Haneen Mohammed Abbas Kasar; Zainab Najib Badr; Zahraa Sattar Jaber Khnyab; Adil Saleh Mohammed Jofan,
https://openalex.org/W4403461050,American Philosophical Quarterly,2024,https://doi.org/10.5406/21521123.61.4.08,['https://openalex.org/P4310315680'],False,2369,,
https://openalex.org/W1650569836,Climate Change 2023 Synthesis Report,2024,https://doi.org/10.1163/9789004322714_cclc_2023-0258-1193,[],True,2360,Robert T. Watson; D. L. Albritton; Terry Barker; I. Bashmakov; Osvaldo Canziani; R. Christ; Ulrich Cubasch; Ogunlade Davidson; Habiba Gitay; David Griggs; J. T. Houghton; Joanna I. House; Zbiniew W. Kundzewicz; Murari Lal; Neil Leary; C. H. D. Magadza; John J. McCarthy; J. F. B. Mitchell; J.R. Moreira; Mohan Munasinghe; Ian Noble; R. Pachuri; Barrie Pittock; Michael J. Prather; Richard Richels; Roderick Robinson; Jayant Sathaye; Stephen H. Schneider; Robert J. Scholes; T. F. Stocker; N. Sundararaman; Rob Swart; T. Taniguchi; David Zhou,"{""Summary"": [0], ""for"": [1], ""policymakers"": [2], ""Question"": [3, 5, 7, 9, 11, 13, 15, 17, 19], ""1"": [4], ""2"": [6], ""3"": [8], ""4"": [10], ""5"": [12], ""6"": [14], ""7"": [16], ""8"": [18], ""9"": [20], ""Annexe"": [21, 27, 32, 38], ""A."": [22], ""Authors"": [23], ""and"": [24, 36, 42], ""expert"": [25], ""reviewers"": [26], ""B."": [28], ""Glossary"": [29], ""of"": [30], ""terms"": [31], ""C."": [33], ""Acronyms,"": [34], ""abbreviations,"": [35], ""units"": [37], ""D."": [39], ""Scientific,"": [40], ""technical,"": [41], ""socio-economic"": [43], ""questions"": [44], ""selected"": [45], ""by"": [46], ""the"": [47], ""panel."": [48]}"
https://openalex.org/W1582594879,Attention And Cognitive Control 1,2024,https://doi.org/10.4324/9781032722450-4,['https://openalex.org/P4310320449'],False,2348,Michael I. Posner; C. R. Snyder,"{""To"": [0], ""what"": [1], ""extent"": [2], ""are"": [3, 86, 100, 112, 151], ""our"": [4, 18], ""conscious"": [5, 55], ""intentions"": [6], ""and"": [7, 33, 56, 167, 169], ""strategies"": [8, 129, 162], ""in"": [9, 17, 46, 90], ""control"": [10, 125], ""of"": [11, 26, 51, 71, 84, 88, 97, 126, 135, 146], ""the"": [12, 52, 69, 79, 82, 92, 98, 104, 108, 127, 143, 161, 165], ""way"": [13], ""information"": [14], ""is"": [15, 117], ""processed"": [16], ""minds?"": [19], ""This"": [20], ""seems"": [21], ""to"": [22, 28, 102, 139, 155, 160, 182], ""be"": [23, 140, 180], ""a"": [24], ""question"": [25], ""importance"": [27], ""us"": [29], ""both"": [30], ""as"": [31, 34, 38], ""psychologists"": [32], ""human"": [35, 115], ""beings."": [36], ""Yet"": [37], ""Shallice"": [39], ""(1972)"": [40], ""has"": [41], ""pointed"": [42], ""out,"": [43], ""most"": [44, 144], ""theorists"": [45, 147], ""psychology"": [47], ""have"": [48], ""avoided"": [49], ""consideration"": [50], ""relationship"": [53], ""between"": [54], ""unconscious"": [57], ""mental"": [58], ""events."": [59], ""While"": [60], ""psychological"": [61, 72], ""writers"": [62], ""rarely"": [63], ""deal"": [64], ""with"": [65], ""this"": [66], ""distinction"": [67], ""directly,"": [68], ""reader"": [70], ""publications"": [73], ""can"": [74], ""hardly"": [75], ""avoid"": [76], ""it."": [77], ""On"": [78], ""one"": [80], ""hand,"": [81, 110], ""pages"": [83], ""journals"": [85], ""full"": [87], ""studies"": [89], ""which"": [91], ""\""strategies\"""": [93], ""or"": [94], ""\""optional"": [95], ""processes\"""": [96], ""subject"": [99], ""used"": [101], ""explain"": [103], ""results"": [105], ""obtained;"": [106], ""on"": [107], ""other"": [109, 183], ""we"": [111], ""told"": [113], ""that"": [114, 121, 149, 174], ""memory"": [116, 177], ""an"": [118], ""associational"": [119], ""machine"": [120], ""operates"": [122], ""entirely"": [123], ""without"": [124], ""subjects'"": [128], ""(Anderson"": [130], ""&"": [131], ""Bower,"": [132], ""1973)."": [133], ""Both"": [134], ""these"": [136], ""views"": [137], ""need"": [138], ""accommodated."": [141], ""Even"": [142], ""cognitive"": [145], ""recognizes"": [148], ""people"": [150], ""not"": [152], ""always"": [153], ""able"": [154], ""adapt"": [156], ""their"": [157, 175], ""thought"": [158], ""processes"": [159], ""required"": [163], ""by"": [164], ""task,"": [166], ""Anderson"": [168], ""Bower"": [170], ""(1973)"": [171], ""explicitly"": [172], ""recognize"": [173], ""strategy-free"": [176], ""system"": [178], ""must"": [179], ""coupled"": [181], ""strategydependent"": [184], ""systems."": [185]}"
https://openalex.org/W1571191814,Revolution in Poetic Language,2024,https://doi.org/10.7312/kris21459,"['https://openalex.org/P4310316010', 'https://openalex.org/P4310316200']",False,2339,Julia Kristeva,"{""Translator's"": [0], ""PrefaceIntroduction,"": [1], ""by"": [2], ""Leon"": [3], ""S."": [4], ""RoudiezProlegomenonPart"": [5], ""1."": [6], ""The"": [7, 12, 17, 32, 37, 60, 68, 88, 121, 133, 159, 173, 181, 197], ""Semiotic"": [8, 18], ""and"": [9, 39, 54, 80, 95, 123, 129, 145, 149, 192], ""the"": [10, 21, 42, 47, 57, 65, 92, 130, 137, 140, 151, 185], ""symbolic1."": [11], ""Phenomenological"": [13], ""Subject"": [14, 43, 161], ""of"": [15, 51, 77, 91, 116, 125, 136, 142, 162, 184, 199], ""Enunciation2."": [16], ""Chora"": [19], ""Ordering"": [20], ""Drives3."": [22], ""Husserl's"": [23], ""Hyletic"": [24], ""Meaning:"": [25], ""A"": [26], ""Natural"": [27], ""Thesis4."": [28], ""Hjelmslev's"": [29], ""Presupposed"": [30], ""Meaning5."": [31], ""Thetic:"": [33, 58], ""Rupture"": [34, 168], ""and/or"": [35], ""Boundary6."": [36], ""Mirror"": [38], ""Castration"": [40], ""Positing"": [41], ""as"": [44, 101, 175, 195], ""Absent"": [45], ""from"": [46, 178], ""Signifier7."": [48], ""Frege's"": [49], ""Notion"": [50, 115], ""Signification:"": [52], ""Enunciation"": [53], ""Denotation8."": [55], ""Breaching"": [56], ""Mimesis9."": [59], ""Unstable"": [61], ""Symbolic."": [62], ""Substitutions"": [63], ""in"": [64, 98, 147, 150, 164], ""Symbolic:"": [66], ""Fetishism10."": [67], ""Signifying"": [69, 83], ""Process11."": [70], ""Poetry"": [71], ""That"": [72], ""is"": [73], ""Not"": [74, 157], ""a"": [75, 200], ""Form"": [76], ""Murder12."": [78], ""Genotext"": [79], ""Phenotext13."": [81], ""Four"": [82], ""PracticesPart"": [84], ""2."": [85], ""Negativity:"": [86], ""Rejection1."": [87], ""Fourth"": [89], ""Term"": [90], ""Dialectic2."": [93], ""Independent"": [94], ""Subjugated"": [96], ""Force"": [97], ""Hegel3."": [99], ""Negativity"": [100], ""Transversal"": [102], ""to"": [103], ""Thetic"": [104, 131], ""Judgment4."": [105], ""Kinesis,"": [106], ""Cura,"": [107], ""Desire5."": [108], ""Humanitarian"": [109], ""Desire6."": [110], ""Non-Contradiction"": [111], ""Neutral"": [112], ""Peace7."": [113], ""Freud's"": [114], ""Expulsion"": [117], ""RejectionPart"": [118], ""3."": [119], ""Heterogeneity1."": [120], ""Dichotomy"": [122], ""Heteronomy"": [124], ""Drives2."": [126], ""Facilitation,"": [127], ""Stasis,"": [128], ""Moment3."": [132], ""Homological"": [134], ""Economy"": [135], ""Representamen4."": [138], ""Through"": [139], ""Principle"": [141], ""Language5."": [143], ""Skepticism"": [144], ""Nihilism"": [146], ""Hegel"": [148], ""TextPart"": [152], ""4."": [153], ""Practice1."": [154], ""Experience"": [155], ""Is"": [156], ""Practice2."": [158], ""Atomistic"": [160], ""Practice"": [163, 170], ""Marxism3."": [165], ""Calling"": [166], ""Back"": [167], ""within"": [169], ""-"": [171], ""Experience-in-Practice4."": [172], ""Text"": [174], ""Practice,"": [176], ""Distinct"": [177], ""Transference"": [179], ""Discourse5."": [180], ""Second"": [182], ""Overturning"": [183], ""Dialectic"": [186], ""after"": [187], ""Political"": [188], ""Economy,"": [189], ""Aesthetics6."": [190], ""Madoror"": [191], ""Poems,"": [193], ""Laughter"": [194], ""Practice7."": [196], ""Expenditure"": [198], ""Logical"": [201], ""Conclusion:"": [202], ""IgiturNotesIndex"": [203]}"
https://openalex.org/W1566179750,Aircraft Design: A Conceptual Approach,2024,https://doi.org/10.2514/5.9781624107290.0000.0000,[],False,2284,Daniel P. Raymer,"{""*"": [0, 6, 12, 18, 23, 29, 32, 37, 43, 49, 55, 60, 68, 70, 72, 76, 78, 84, 89, 92, 97, 103, 107, 112], ""Design"": [1, 10, 67, 98, 105], ""-"": [2], ""A"": [3], ""Separate"": [4], ""Discipline"": [5], ""Overview"": [7], ""of"": [8, 64, 99], ""the"": [9], ""Process"": [11], ""Sizing"": [13, 31, 93], ""from"": [14], ""a"": [15, 65], ""Conceptual"": [16, 104], ""Sketch"": [17], ""Airfoil"": [19], ""and"": [20, 26, 35, 47, 51, 58, 74, 81, 86, 94], ""Geometry"": [21], ""Selection"": [22], ""Thrust-to-Weight"": [24], ""Ratio"": [25], ""Wing"": [27], ""Loading"": [28], ""Initial"": [30], ""Configuration"": [33, 41], ""Layout"": [34, 42], ""Loft"": [36], ""Special"": [38], ""Considerations"": [39], ""in"": [40], ""Crew"": [44], ""Station,"": [45], ""Passengers,"": [46], ""Payload"": [48], ""Propulsion"": [50, 71], ""Fuel"": [52], ""System"": [53], ""Integration"": [54], ""Landing"": [56], ""Gear"": [57], ""Subsystems"": [59], ""Intermission:"": [61], ""Step-by-Step"": [62], ""Development"": [63], ""New"": [66], ""Aerodynamics"": [69], ""Structures"": [73], ""Loads"": [75], ""Weights"": [77], ""Stability,"": [79], ""Control,"": [80], ""Handling"": [82], ""Qualities"": [83], ""Performance"": [85], ""Flight"": [87], ""Mechanics"": [88], ""Cost"": [90], ""Analysis"": [91], ""Trade"": [95], ""Studies"": [96], ""Unique"": [100], ""Aircraft"": [101], ""Concepts"": [102], ""Examples"": [106], ""Appendix"": [108, 113], ""A:"": [109], ""Unit"": [110], ""Conversion"": [111], ""B:"": [114], ""Standard"": [115], ""Atmosphere."": [116]}"
https://openalex.org/W4200531859,International Journal of Oncology,2024,https://doi.org/10.3892/ijo,['https://openalex.org/P4310320412'],False,2283,,"{""pioneered"": [0], ""studies"": [1, 50], ""that"": [2, 130], ""elucidated"": [3], ""the"": [4, 10, 13, 32, 52, 69, 73, 90, 100, 122, 138, 144, 158, 173], ""potent"": [5], ""effects"": [6, 77], ""of"": [7, 34, 43, 56, 78, 89, 126, 149, 183, 190, 196, 198, 203], ""stress"": [8, 60, 75, 96, 150, 164], ""on"": [9, 24, 51, 62, 82, 121], ""organism"": [11], ""at"": [12], ""behavioral,"": [14], ""neuroendocrine,"": [15], ""cellular"": [16], ""and"": [17, 20, 31, 36, 48, 66, 85, 111, 113, 124, 134, 151, 154, 165], ""molecular"": [18, 70], ""levels,"": [19], ""performed"": [21, 40], ""groundbreaking"": [22], ""research"": [23], ""human"": [25, 63, 83, 140, 199], ""development,"": [26], ""particularly"": [27], ""in"": [28], ""early"": [29], ""life"": [30], ""years"": [33], ""puberty"": [35], ""adolescence.Dr"": [37], ""Chrousos"": [38, 128], ""has"": [39], ""a"": [41, 57, 118, 180, 187], ""body"": [42], ""influential"": [44], ""original"": [45], ""experimental,"": [46], ""translational"": [47], ""clinical"": [49], ""universally"": [53], ""pathogenic"": [54, 91], ""impact"": [55, 120], ""chronically"": [58, 79, 131], ""activated"": [59], ""system"": [61], ""health.He"": [64], ""identified"": [65], ""functionally"": [67], ""characterized"": [68], ""mechanisms"": [71, 92], ""underlying"": [72], ""pervasive"": [74], ""hormone-mediated"": [76], ""disrupted"": [80], ""homeostasis"": [81, 133], ""mental"": [84], ""somatic"": [86], ""health.His"": [87], ""discoveries"": [88], ""through"": [93], ""which"": [94], ""chronic"": [95, 175], ""causes"": [97], ""and/or"": [98, 146, 156], ""aggravates"": [99], ""\u02bbchronic"": [101, 163], ""noncommunicable"": [102], ""diseases\u02bc,"": [103], ""promotes"": [104], ""inflammation,"": [105], ""increases"": [106], ""vulnerability"": [107], ""to"": [108, 143, 194], ""certain"": [109], ""cancers"": [110], ""infections,"": [112], ""accelerates"": [114], ""aging,"": [115], ""have"": [116], ""had"": [117], ""major"": [119], ""science"": [123], ""practice"": [125], ""medicine.Dr"": [127], ""demonstrated"": [129], ""disturbed"": [132], ""chronodisruption"": [135], ""-anytime"": [136], ""during"": [137], ""entire"": [139], ""lifespan"": [141], ""-lead"": [142], ""over-production"": [145], ""increased"": [147], ""action"": [148], ""inflammatory"": [152], ""mediators,"": [153], ""cause"": [155], ""exacerbate"": [157], ""progressively"": [159], ""deteriorating"": [160], ""with"": [161], ""age"": [162], ""inflammation"": [166], ""syndrome\u02bc.This"": [167], ""nosological"": [168], ""entity"": [169], ""not"": [170], ""only"": [171], ""includes"": [172], ""classic"": [174], ""non-communicable"": [176], ""diseases,"": [177], ""but"": [178], ""also"": [179], ""broad"": [181], ""host"": [182], ""other"": [184], ""disorders,"": [185], ""affecting"": [186], ""large"": [188], ""percentage"": [189], ""living"": [191], ""individuals,"": [192], ""amounting"": [193], ""hundreds"": [195], ""millions"": [197], ""beings.This"": [200], ""syndrome"": [201], ""consists"": [202]}"
https://openalex.org/W4403689548,Theory of Elastic Stability,2024,https://doi.org/10.1201/9781003578659,[],False,2276,Luis A. Godoy,"{""This"": [0], ""book"": [1], ""gives"": [2], ""a"": [3], ""unified"": [4], ""presentation"": [5], ""of"": [6, 9, 20, 24, 40], ""the"": [7, 18, 31], ""field"": [8], ""stability."": [10], ""Buckling"": [11], ""and"": [12, 36, 42, 60], ""post-buckling"": [13, 34, 43], ""states"": [14, 44], ""are"": [15], ""studied"": [16], ""on"": [17, 33], ""basis"": [19], ""total"": [21], ""potential"": [22], ""energy"": [23], ""structural"": [25], ""systems."": [26], ""Emphasis"": [27], ""is"": [28, 50], ""placed"": [29], ""throughout"": [30], ""text"": [32], ""analysis"": [35], ""behaviour."": [37], ""The"": [38], ""sensitivity"": [39], ""buckling"": [41], ""to"": [45, 58], ""changes"": [46, 56], ""in"": [47], ""design"": [48], ""parameters"": [49], ""also"": [51], ""discussed"": [52], ""as"": [53, 55], ""well"": [54], ""due"": [57], ""imperfections"": [59], ""damage."": [61]}"
https://openalex.org/W2130600976,African Journal of Agricultural Research,2024,https://doi.org/10.5897/ajar,['https://openalex.org/P4310321074'],True,2210,Augustine Musoni; Paul M. Kimani; R. D. Narla; Robin A. Buruchara; James D. Kelly,"{""Fusarium"": [0, 4], ""wilt,"": [1], ""caused"": [2, 8], ""by"": [3, 209, 221], ""oxysporum"": [5, 105], ""F."": [6, 104, 106], ""sp.phaseoli"": [7], ""growers"": [9], ""to"": [10, 25, 40, 55, 144, 164, 194, 204], ""abandon"": [11], ""the"": [12, 27, 70, 121, 146, 155, 161, 165, 170, 176, 188, 195, 200], ""most"": [13], ""popular"": [14], ""climbing"": [15], ""bean"": [16], ""cultivar,"": [17], ""Umubano"": [18], ""(G2333)"": [19], ""in"": [20, 110, 169, 187, 199], ""Rwanda.The"": [21], ""present"": [22], ""objective"": [23], ""was"": [24, 60, 115, 142], ""determine"": [26, 145], ""nature"": [28], ""of"": [29, 31, 53, 65, 69, 73, 100, 103, 124, 150, 172, 190, 202], ""inheritance"": [30], ""fusarium"": [32, 56, 205], ""wilt"": [33, 57, 206], ""resistance"": [34, 42, 54, 217], ""and"": [35, 49, 76, 82, 135, 152, 160], ""recommend"": [36], ""a"": [37, 111, 210], ""breeding"": [38], ""strategy"": [39], ""introduce"": [41], ""into"": [43], ""susceptible"": [44, 138, 196], ""cultivars.Two"": [45], ""cultivars,"": [46], ""vuninkingi"": [47], ""(G685)"": [48], ""flora"": [50], ""were"": [51, 92], ""donors"": [52], ""whereas"": [58], ""G2333"": [59], ""highly"": [61, 212], ""susceptible.Injured"": [62], ""root"": [63], ""tips"": [64], ""10-day"": [66], ""old"": [67], ""seedlings"": [68], ""parents,"": [71], ""progenies"": [72, 163, 185, 193], ""F"": [74, 77, 87, 158, 177, 183], ""1"": [75, 125, 128, 159], ""2"": [78, 88, 178, 184], ""(G2333"": [79, 83], ""\u00d7"": [80, 84, 90, 181], ""G685)"": [81], ""Flora),"": [85], ""backcrosses"": [86], ""(G685"": [89, 180], ""Flora)"": [91], ""inoculated"": [93, 156], ""with"": [94], ""10"": [95], ""6"": [96], ""conidia"": [97], ""ml"": [98], ""-1"": [99], ""Rwandan"": [101], ""isolate"": [102], ""sp"": [107], ""phaseoli"": [108], ""(FOP-RW2)"": [109], ""glasshouse.The"": [112], ""disease"": [113], ""severity"": [114], ""rated"": [116], ""28"": [117], ""days"": [118], ""later"": [119], ""using"": [120], ""CIAT"": [122], ""scale"": [123], ""-9,"": [126], ""where"": [127], ""-3"": [129], ""represent"": [130], ""resistant,"": [131], ""4"": [132], ""-6"": [133], ""tolerant"": [134], ""7"": [136], ""-9"": [137], ""reactions.The"": [139], ""chi-square"": [140], ""analysis"": [141], ""performed"": [143], ""Mendelian"": [147], ""segregation"": [148], ""ratios"": [149], ""resistant"": [151, 166], ""susceptibility"": [153], ""among"": [154], ""progenies.The"": [157], ""backcross"": [162, 192, 222], ""parents"": [167], ""segregated"": [168, 186, 198], ""ratio"": [171, 189, 201], ""1:0"": [173], ""as"": [174], ""did"": [175], ""population"": [179], ""Flora).The"": [182], ""3:1.The"": [191], ""parent"": [197], ""1:1.Resistance"": [203], ""is"": [207], ""conditioned"": [208], ""single"": [211], ""heritable"": [213], ""major"": [214], ""dominant"": [215], ""gene.The"": [216], ""can"": [218], ""be"": [219], ""achieved"": [220], ""breeding."": [223]}"
https://openalex.org/W2744594409,Handbook of Research Methods in Social and Personality Psychology,2024,https://doi.org/10.1017/9781009170123,"['https://openalex.org/P4310311721', 'https://openalex.org/P4310311702']",True,2155,Harry T. Reis; Charles M. Judd,"{""This"": [0], ""indispensable"": [1], ""collection"": [2], ""provides"": [3], ""extensive,"": [4], ""yet"": [5], ""accessible,"": [6], ""coverage"": [7], ""of"": [8, 40, 47, 90, 112], ""conceptual"": [9, 126], ""and"": [10, 18, 24, 38, 51, 99, 104, 115, 123, 127], ""practical"": [11], ""issues"": [12], ""in"": [13, 16, 74], ""research"": [14, 41, 72, 122], ""design"": [15], ""personality"": [17], ""social"": [19, 94], ""psychology."": [20], ""Using"": [21], ""numerous"": [22], ""examples"": [23], ""clear"": [25], ""guidelines,"": [26], ""especially"": [27], ""for"": [28], ""conducting"": [29], ""complex"": [30], ""statistical"": [31, 101], ""analysis,"": [32], ""leading"": [33], ""experts"": [34], ""address"": [35], ""specific"": [36], ""methods"": [37], ""areas"": [39, 89], ""to"": [42], ""capture"": [43], ""a"": [44, 68, 110], ""definitive"": [45], ""overview"": [46], ""contemporary"": [48], ""practice."": [49], ""Updated"": [50], ""expanded,"": [52], ""this"": [53, 82], ""third"": [54], ""edition"": [55], ""engages"": [56], ""with"": [57], ""the"": [58, 64, 75], ""most"": [59], ""important"": [60], ""methodological"": [61, 128], ""innovations"": [62], ""over"": [63], ""past"": [65], ""decade,"": [66], ""offering"": [67], ""timely"": [69, 88], ""perspective"": [70], ""on"": [71, 86, 135], ""practice"": [73], ""field."": [76], ""To"": [77], ""reflect"": [78], ""such"": [79, 92], ""rapid"": [80], ""advances,"": [81], ""volume"": [83], ""includes"": [84], ""commentary"": [85], ""particularly"": [87], ""development"": [91], ""as"": [93], ""neuroscience,"": [95], ""mobile"": [96], ""sensing"": [97], ""methods,"": [98, 114], ""innovative"": [100], ""applications."": [102], ""Seasoned"": [103], ""early-career"": [105], ""researchers"": [106], ""alike"": [107], ""will"": [108, 118], ""find"": [109], ""range"": [111], ""tools,"": [113], ""practices"": [116], ""that"": [117], ""help"": [119], ""improve"": [120], ""their"": [121], ""develop"": [124], ""new"": [125], ""possibilities."": [129], ""Supplementary"": [130], ""online"": [131], ""materials"": [132], ""are"": [133], ""available"": [134], ""Cambridge"": [136], ""Core."": [137]}"
https://openalex.org/W76711023,Materials Science Forum,2024,https://doi.org/10.4028/www.scientific.net/msf,['https://openalex.org/P4310317839'],True,2135,D. Dompoint; Irina G. Galben-Sandulache; Alexandre Boulle; Didier Chaussende; D. Eyidi; Jean Luc Demenet; Marie‐France Beaufort; Jacques Rabier,"{""The"": [0], ""3C-6H"": [1], ""polytypic"": [2], ""transition"": [3, 84], ""in"": [4], ""3C-SiC"": [5], ""single"": [6], ""crystals"": [7, 29], ""is"": [8, 72], ""studied"": [9], ""by"": [10, 37, 99], ""means"": [11, 100], ""of"": [12, 32, 41, 47, 51, 62, 82, 90, 95, 101], ""diffuse"": [13, 53], ""X-ray"": [14], ""scattering"": [15], ""(DXS)"": [16], ""coupled"": [17], ""with"": [18, 45, 78], ""transmission"": [19], ""electron"": [20], ""microscopy"": [21], ""(TEM).TEM"": [22], ""reveals"": [23], ""that"": [24, 75], ""the"": [25, 52, 59, 66, 76, 83, 86, 93], ""partially"": [26], ""transformed"": [27, 34, 63], ""SiC"": [28, 35], ""contain"": [30], ""regions"": [31, 46], ""significantly"": [33], ""(characterized"": [36], ""a"": [38], ""high"": [39], ""density"": [40], ""stacking"": [42], ""faults)"": [43], ""co-existing"": [44], ""pure"": [48], ""3C-SiC.The"": [49], ""simulation"": [50], ""intensity"": [54], ""allows"": [55], ""to"": [56], ""determine"": [57], ""both"": [58], ""volume"": [60], ""fraction"": [61], ""material"": [64], ""and"": [65, 80, 88], ""transformation"": [67], ""level"": [68], ""within"": [69], ""these"": [70], ""regions.It"": [71], ""further"": [73], ""shown"": [74], ""evolution"": [77], ""time"": [79], ""temperature"": [81], ""implies"": [85], ""multiplication"": [87], ""glide"": [89], ""partial"": [91], ""dislocations,"": [92], ""kinetics"": [94], ""which"": [96], ""are"": [97], ""quantified"": [98], ""DXS."": [102]}"
https://openalex.org/W4392777592,KDIGO 2024 Clinical Practice Guideline for the Evaluation and Management of Chronic Kidney Disease,2024,https://doi.org/10.1016/j.kint.2023.10.018,['https://openalex.org/P4310320990'],True,2125,Paul E. Stevens; Sofia B. Ahmed; Juan Jesús Carrero; Bethany J. Foster; Anna Francis; Rasheeda K. Hall; William G. Herrington; G. Hill; Lesley A. Inker; Rümeyza Kazancıoğlu; Edmund J. Lamb; Peter Lin; Magdalena Madero; Natasha J. McIntyre; Kelly Morrow; Glenda V. Roberts; Dharshana Sabanayagam; Elke Schäeffner; Michael G. Shlipak; Rukshana Shroff; Navdeep Tangri; Teerawat Thanachayanont; Ifeoma Ulasi; Germaine Wong; Chih‐Wei Yang; Luxia Zhang; Adeera Levin,"{""This"": [0], ""article"": [1], ""is"": [2], ""published"": [3], ""as"": [4], ""part"": [5], ""of"": [6, 27, 39, 43, 51], ""a"": [7], ""supplement"": [8, 24, 61], ""sponsored"": [9], ""by"": [10, 62], ""Kidney"": [11], ""Disease:"": [12], ""Improving"": [13], ""Global"": [14], ""Outcomes"": [15], ""(KDIGO)."": [16], ""The"": [17], ""opinions"": [18, 36], ""or"": [19, 37, 45, 70, 78], ""views"": [20], ""expressed"": [21], ""in"": [22, 59], ""this"": [23], ""are"": [25, 56], ""those"": [26], ""the"": [28, 35, 40, 60, 63, 75], ""authors"": [29, 64], ""and"": [30, 49], ""do"": [31], ""not"": [32], ""necessarily"": [33], ""reflect"": [34, 66], ""recommendations"": [38], ""International"": [41], ""Society"": [42], ""Nephrology"": [44], ""Elsevier."": [46], ""Dosages,"": [47], ""indications,"": [48], ""methods"": [50], ""use"": [52], ""for"": [53], ""products"": [54], ""that"": [55], ""referred"": [57], ""to"": [58], ""may"": [65, 71], ""their"": [67], ""clinical"": [68, 80], ""experience"": [69], ""be"": [72], ""derived"": [73], ""from"": [74], ""professional"": [76], ""literature"": [77], ""other"": [79], ""sources."": [81]}"
https://openalex.org/W2972448934,CAS Mammalogy (MAM),2024,https://doi.org/10.15468/dhbozg,['https://openalex.org/I111796040'],True,2111,Maureen Flannery,"{""The"": [0], ""electronic"": [1], ""catalog"": [2], ""of"": [3, 11], ""the"": [4, 8], ""mammalogy"": [5], ""collection"": [6], ""at"": [7], ""California"": [9], ""Academy"": [10], ""Sciences,"": [12], ""San"": [13], ""Francisco."": [14]}"
https://openalex.org/W4395541647,"Vertebrate Zoology Division - Mammalogy, Yale Peabody Museum",2024,https://doi.org/10.15468/4mm6uc,['https://openalex.org/I111796040'],True,2080,Larry Gall,"{""The"": [0, 24, 58], ""mammal"": [1, 26], ""collection"": [2, 60], ""in"": [3, 16], ""the"": [4, 33, 43, 90, 102], ""Yale"": [5], ""Peabody"": [6], ""Museums\u2019s"": [7], ""Division"": [8], ""of"": [9, 78, 84, 89, 98], ""Vertebrate"": [10], ""Zoology,"": [11], ""although"": [12], ""small,"": [13], ""is"": [14, 19, 61], ""worldwide"": [15], ""coverage,"": [17], ""and"": [18, 36, 40, 55, 73, 94], ""used"": [20], ""principally"": [21], ""for"": [22], ""teaching."": [23], ""5,086"": [25], ""skins"": [27], ""(over"": [28], ""720"": [29], ""species)"": [30], ""date"": [31], ""from"": [32, 101], ""19th"": [34], ""century,"": [35], ""includes"": [37], ""several"": [38], ""rare"": [39], ""endangered"": [41], ""species:"": [42], ""African"": [44], ""elephant,"": [45], ""black"": [46], ""rhinoceros,"": [47], ""orangutan,"": [48], ""mountain"": [49], ""gorilla,"": [50], ""red"": [51], ""wolf,"": [52], ""black-footed"": [53], ""ferret"": [54], ""snow"": [56], ""leopard."": [57], ""skeleton"": [59], ""likewise"": [62], ""small"": [63], ""(4,776"": [64], ""specimens"": [65], ""representing"": [66], ""over"": [67], ""770"": [68], ""species),"": [69], ""but"": [70], ""historically"": [71], ""important,"": [72], ""contains"": [74], ""a"": [75, 95], ""disproportionate"": [76], ""number"": [77], ""large"": [79, 96], ""animals,"": [80], ""among"": [81], ""them"": [82], ""one"": [83], ""only"": [85], ""7"": [86], ""complete"": [87], ""skeletons"": [88], ""now"": [91], ""extinct"": [92], ""quagga,"": [93], ""series"": [97], ""buffalo"": [99], ""skulls"": [100], ""1870s."": [103]}"
https://openalex.org/W4395200472,North Carolina State University Vascular Plant Herbarium,2024,https://doi.org/10.15468/9ufthy,['https://openalex.org/I111796040'],True,2067,Symb-Seinet,
https://openalex.org/W4396728897,Curso de Direito Administrativo,2024,https://doi.org/10.48021/978-65-270-2175-9,[],False,2046,R. S. CANDEIA,
https://openalex.org/W117731346,Ideology and Ideological State Apparatuses,2024,https://doi.org/10.4324/9781003572923-18,['https://openalex.org/P4310320449'],False,1991,Louis Althusser,"{""We"": [0], ""commonly"": [1], ""call"": [2], ""rehgious"": [3], ""ideology,"": [4, 6, 8, 10], ""ethical"": [5], ""legal"": [7], ""poli1ical"": [9], ""CIC.,"": [11], ""SO"": [12], ""many"": [13], ""world"": [14, 67], ""outlooks."": [15], ""Of"": [16], ""course,"": [17], ""assuming"": [18], ""that"": [19, 42, 89, 96, 122, 201], ""C"": [20], ""do"": [21, 74, 84, 98], ""not"": [22, 75], ""live"": [23], ""one"": [24], ""of"": [25, 52, 61, 114, 121, 132, 137, 153, 192, 209, 224], ""these"": [26], ""ideologies"": [27], ""as"": [28, 55], ""!he"": [29, 112, 158, 163, 172, 181, 204], ""trulh"": [30], ""(e.g."": [31], ""behc,c"": [32], ""in"": [33, 144, 217, 228], ""God,"": [34], ""Duty,"": [35], ""Justice,"": [36], ""CIC."": [37], ""\u2022"": [38], "".),"": [39], ""c"": [40, 202, 211], ""admu"": [41], ""I.he"": [43], ""ideology"": [44, 218], ""we"": [45, 94], ""arc"": [46, 69, 129, 139], ""di9CUSSmg"": [47], ""from"": [48, 178], ""a"": [49, 62], ""crittcal"": [50], ""point"": [51, 197], ""v1cw,cnmming"": [53], ""it"": [54], ""the"": [56, 59, 115, 134, 140, 145, 150, 154, 214], ""c1hnologist"": [57], ""examines"": [58], ""m)'ths"": [60], ""primitive"": [63], ""society,"": [64], ""1ha1"": [65], ""1hesc"": [66], ""outlooks"": [68], ""largdy"": [70], ""imaginary,"": [71], ""i"": [72], ""c."": [73], ""correspond"": [85], ""to"": [77, 86, 101, 110], ""rcalif)."": [78], ""Ho,.c,er,"": [79], ""while"": [80], ""admining"": [81], ""Wt"": [82], ""!he)"": [83], ""reality,"": [87, 102], ""i.e."": [88], ""the)"": [90], ""constitute"": [91], ""an"": [92, 229], ""illusion,"": [93], ""admi1"": [95], ""they"": [97], ""mal.c"": [99], ""allusion"": [100], ""and"": [103, 157, 167, 171], ""th\u20221"": [104], ""1hey"": [105], ""need"": [106], ""only"": [107], ""be"": [108], ""in1crprcted"": [109], ""disco,cr"": [111], ""reality"": [113], ""orld"": [116], ""behind"": [117], ""their"": [118, 221], ""imagina11"": [119], ""rcprcscntauon"": [120], "",.o,ld"": [123], ""(ideology"": [124], ""="": [125], ""1/l,,s10,,f"": [126], ""\u2022llus-)."": [127], ""There"": [128], ""different"": [130], ""types"": [131], ""interpretation,"": [133, 160], ""most"": [135], ""famous"": [136], ""which"": [138], ""'hanim,"": [141], ""type,"": [142], ""current"": [143], ""cightccn1h"": [146], ""century"": [147], ""(God"": [148], ""is"": [149, 189], ""imaginary"": [151, 205, 230], ""representation"": [152], ""real"": [155, 193, 222], ""King),"": [156], ""lttrrtfffltu11,"": [159], ""inaugurated"": [161], ""by"": [162], ""carli<st"": [164], ""O.urch"": [165], ""Fathers,"": [166], ""revi,ed"": [168], ""b)"": [169], ""Feucrbach"": [170], ""thcologico\u00ad"": [173], ""plulosoph1cal"": [174], ""school"": [175], ""hich"": [176], ""dc,ccnds"": [177], ""him,"": [179], ""e.J."": [180], ""theologian"": [182], ""Barth"": [183], ""(to"": [184], ""Feuerbach,"": [185], ""for"": [186], ""example,"": [187], ""God"": [188], ""thc"": [190], ""essence"": [191], ""Man)."": [194], ""The"": [195], ""essential"": [196], ""151ha1"": [198], ""on"": [199], ""condiuon"": [200], ""interpret"": [203], ""tnnspo6ition"": [206], ""(and"": [207], ""inversion)"": [208], ""ideolog)"": [210], ""arrh'e"": [212], ""11"": [213], ""conclusion"": [215], ""!hat"": [216], ""men"": [219], ""represent"": [220], ""conditions"": [223], ""existence"": [225], ""10"": [226], ""thcmsches"": [227], ""form."": [231], ""295"": [232]}"
https://openalex.org/W2889380254,Black Feminist Thought,2024,https://doi.org/10.4135/9781529691627,[],False,1892,,
https://openalex.org/W4395342342,UF FLMNH Ichthyology,2024,https://doi.org/10.15468/8mjsel,['https://openalex.org/I111796040'],True,1883,Rob Robins,"{""The"": [0, 22], ""UF"": [1, 92], ""Fish"": [2], ""Collection,"": [3], ""dating"": [4], ""to"": [5, 83], ""1917,"": [6], ""contains"": [7], ""214,205"": [8], ""lots"": [9, 31], ""and"": [10, 28, 47, 60, 104, 113, 118], ""2,300,803"": [11], ""specimens."": [12], ""Included"": [13], ""are"": [14, 42, 55, 99, 115], ""representatives"": [15], ""of"": [16, 32, 45, 58, 70, 97, 108], ""8,250"": [17], ""species"": [18], ""from"": [19, 73], ""400"": [20], ""families."": [21], ""collection"": [23, 41], ""includes"": [24], ""93"": [25], ""primary"": [26], ""types"": [27, 34], ""approximately"": [29], ""1,600"": [30], ""secondary"": [33], ""representing"": [35, 50], ""563"": [36], ""species."": [37, 52, 110], ""Also"": [38], ""in"": [39, 101], ""the"": [40, 78], ""5,825"": [43], ""specimens"": [44, 112], ""disarticulated"": [46], ""articulated"": [48], ""skeletons"": [49], ""875"": [51], ""Especially"": [53], ""notable"": [54], ""historic"": [56], ""collections"": [57, 69], ""large"": [59], ""important"": [61], ""marine"": [62], ""fishes"": [63, 72, 98], ""as"": [64, 66], ""well"": [65], ""rapidly"": [67], ""growing"": [68], ""freshwater"": [71], ""Southeast"": [74], ""Asia."": [75], ""In"": [76], ""2006,"": [77], ""museum"": [79], ""expanded"": [80], ""its"": [81], ""program"": [82], ""archive"": [84], ""frozen"": [85], ""tissue"": [86], ""samples"": [87, 107], ""with"": [88], ""a"": [89], ""newly"": [90], ""established"": [91], ""Genetic"": [93], ""Resources"": [94], ""Collection."": [95], ""Tissues"": [96], ""stored"": [100], ""-20\u00baC"": [102], ""freezers"": [103], ""number"": [105], ""4,150"": [106], ""900"": [109], ""All"": [111], ""tissues"": [114], ""databased"": [116], ""online"": [117], ""available"": [119], ""for"": [120], ""loan."": [121]}"
https://openalex.org/W3123285923,Nonmonetary Effects of the Financial Crisis in the Propagation of the Great Depression,2024,https://doi.org/10.2307/jj.4908259.6,['https://openalex.org/P4310316492'],True,1879,,"{""This"": [0], ""paper"": [1], ""examines"": [2], ""the"": [3, 6, 10, 32, 36, 47, 53, 62, 68, 74, 77, 83, 107, 113], ""effects"": [4, 100], ""of"": [5, 9, 14, 26, 35, 46, 55, 61, 71, 76, 90, 101, 112], ""financial"": [7, 48, 69], ""crisis"": [8], ""1930s"": [11], ""onthe"": [12], ""path"": [13], ""aggregate"": [15, 95], ""output"": [16], ""during"": [17], ""that"": [18, 25, 67, 82, 99], ""period."": [19], ""Our"": [20], ""approach"": [21], ""is"": [22], ""complementary"": [23], ""to"": [24, 93], ""Friedman"": [27], ""and"": [28, 51, 81, 87, 110], ""Schwartz,"": [29], ""who"": [30], ""emphasized"": [31], ""monetary"": [33], ""impact"": [34], ""bank"": [37], ""failures;"": [38], ""we"": [39], ""focus"": [40], ""on"": [41], ""non-monetary"": [42], ""(primarily"": [43], ""credit-related)"": [44], ""aspects"": [45], ""sector--output"": [49], ""link"": [50], ""consider"": [52], ""problems"": [54], ""debtors"": [56], ""as"": [57, 59], ""well"": [58], ""those"": [60], ""banking"": [63], ""system."": [64], ""We"": [65], ""argue"": [66], ""disruptions"": [70], ""1930-33"": [72], ""reduced"": [73, 88], ""efficiency"": [75], ""credit"": [78, 91], ""allocation"": [79], ""process;"": [80], ""resulting"": [84], ""higher"": [85], ""cost"": [86], ""availability"": [89], ""acted"": [92], ""depress"": [94], ""demand."": [96], ""Evidence"": [97], ""suggests"": [98], ""this"": [102], ""type"": [103], ""can"": [104], ""help"": [105], ""explain"": [106], ""unusual"": [108], ""length"": [109], ""depth"": [111], ""Great"": [114], ""Depression."": [115]}"
https://openalex.org/W4395594247,"Vascular plant herbarium, The Arctic University Museum of Norway (TROM)",2024,https://doi.org/10.15468/14epds,['https://openalex.org/I111796040'],True,1794,Heini Emilia Rämä,"{""The"": [0, 6, 20, 77], ""vascular"": [1], ""plant"": [2], ""herbarium"": [3, 79], ""TROM"": [4, 34], ""at"": [5], ""Arctic"": [7, 78], ""University"": [8], ""Museum"": [9], ""of"": [10, 43], ""Norway"": [11], ""(former"": [12], ""Troms\u00f8"": [13], ""Museum)"": [14], ""houses"": [15], ""about"": [16], ""200"": [17], ""000"": [18, 83], ""specimens."": [19], ""collection"": [21], ""is"": [22, 35], ""arranged"": [23], ""in"": [24, 38], ""four"": [25], ""parts:"": [26], ""Nordic,"": [27], ""Arctic,"": [28], ""\u2018Other"": [29], ""foreign\u2019"": [30], ""and"": [31, 59, 93], ""Garden"": [32], ""plants."": [33], ""particularly"": [36], ""rich"": [37], ""accessions"": [39], ""from"": [40, 53, 67, 85], ""the"": [41, 47, 74], ""North"": [42, 54], ""Norwegian"": [44], ""mainland."": [45], ""Among"": [46], ""Nordic"": [48, 69], ""collections,"": [49], ""80-85"": [50], ""%"": [51], ""originate"": [52], ""Norway,"": [55], ""Troms"": [56], ""og"": [57], ""Finnmark"": [58], ""Nordland"": [60], ""counties."": [61], ""Herbarium"": [62], ""also"": [63], ""contains"": [64, 80], ""valuable"": [65], ""collections"": [66], ""other"": [68], ""countries"": [70], ""as"": [71, 73], ""well"": [72], ""circum-arctic"": [75], ""areas."": [76], ""over"": [81], ""10"": [82], ""specimens"": [84], ""Svalbard,"": [86], ""Bj\u00f8rn\u00f8ya,"": [87], ""Greenland,"": [88], ""arctic"": [89, 91], ""Russia,"": [90], ""Canada"": [92], ""Alaska."": [94]}"
https://openalex.org/W1531368347,Proceedings of the 56th Annual ACM Symposium on Theory of Computing,2024,https://doi.org/10.1145/3618260,[],True,1782,Richard E. Ladner; Cynthia Dwork,
https://openalex.org/W4395669330,Fault Detection Method based on Artificial Neural Network for 330kV Nigerian Transmission Line,2024,https://doi.org/10.38124/ijisrt/ijisrt24apr651,[],True,1770,Alhassan Musa Oruma; Ismaila Mahmud; Umar Alhaji Adamu; Simon Yakubu Wakawa; Gambo Idris; Mahmud Mustapha,"{""This"": [0], ""research"": [1], ""focused"": [2], ""on"": [3, 10, 92], ""identifying"": [4, 85], ""various"": [5, 86], ""types"": [6, 62], ""of"": [7, 17, 58, 63, 80], ""faults"": [8, 64], ""occurring"": [9], ""330kV"": [11, 28, 95], ""transmission"": [12, 29, 96], ""lines"": [13], ""through"": [14], ""the"": [15, 26, 50, 78, 81, 93], ""use"": [16], ""artificial"": [18], ""neural"": [19], ""networks"": [20], ""(ANN)."": [21], ""A"": [22], ""MATLAB"": [23, 100], ""model"": [24, 83], ""for"": [25, 55], ""Gwagwalada-Katampe"": [27, 94], ""line"": [30], ""in"": [31, 84], ""Nigeria"": [32], ""was"": [33], ""implemented"": [34], ""to"": [35, 46], ""generate"": [36], ""fault"": [37, 42, 59, 87], ""datasets."": [38], ""Voltage"": [39], ""and"": [40, 48, 89], ""current"": [41], ""parameters"": [43, 91], ""were"": [44, 65], ""utilized"": [45], ""train"": [47], ""simulate"": [49], ""ANN"": [51], ""network"": [52], ""architecture"": [53], ""selected"": [54], ""each"": [56], ""stage"": [57], ""detection."": [60], ""Four"": [61], ""considered,"": [66], ""along"": [67], ""with"": [68], ""a"": [69], ""fifth"": [70], ""condition"": [71], ""representing"": [72], ""no"": [73], ""fault."": [74], ""The"": [75], ""results"": [76], ""illustrated"": [77], ""success"": [79], ""developed"": [82], ""conditions"": [88], ""system"": [90], ""line,"": [97], ""modelled"": [98], ""using"": [99], ""Simulink."": [101]}"
https://openalex.org/W4395539974,Vascular plant herbarium (KMN) UiA,2024,https://doi.org/10.15468/2g6i0v,['https://openalex.org/I111796040'],True,1754,Registry-Migration.Gbif.Org,"{""Vascular"": [0], ""plants"": [1], ""at"": [2], ""Agder"": [3], ""naturmuseum"": [4], ""og"": [5], ""botanisk"": [6], ""hage"": [7]}"
https://openalex.org/W4394726321,A Study to Evaluate Psychological Distress and Self-Esteem Among Patients with Hemodialysis,2024,https://doi.org/10.38124/ijisrt/ijisrt24mar1998,[],True,1748,Yogesh Kumar C -,"{""Background:"": [0], ""Chronic"": [1], ""kidney"": [2], ""disease"": [3, 8, 93], ""(CKD)"": [4], ""is"": [5, 26, 60, 129, 201, 230, 252], ""a"": [6, 152], ""progressive"": [7], ""that"": [9, 67, 177], ""affects"": [10], ""more"": [11, 18, 27], ""than"": [12, 19], ""800"": [13], ""million"": [14], ""people"": [15, 40, 85], ""worldwide,"": [16, 58], ""representing"": [17], ""10%"": [20], ""of"": [21, 52, 56, 62, 83, 91, 126, 179, 191, 205, 209, 215, 244, 253, 264, 273, 277], ""the"": [22, 53, 63, 76, 87, 106, 127, 132, 180, 192, 206, 216, 245, 265, 274], ""global"": [23], ""population."": [24], ""It"": [25], ""common"": [28], ""in"": [29, 39, 72, 203, 262, 271], ""older"": [30], ""people,"": [31], ""women,"": [32], ""and"": [33, 44, 59, 86, 102, 135, 198, 222, 234, 255, 281], ""racial"": [34], ""minorities,"": [35], ""as"": [36, 38], ""well"": [37], ""with"": [41, 237], ""diabetes"": [42], ""mellitus"": [43], ""high"": [45, 81], ""blood"": [46], ""pressure."": [47], ""CKD"": [48], ""has"": [49], ""become"": [50], ""one"": [51, 61], ""top"": [54], ""causes"": [55], ""mortality"": [57], ""few"": [64, 78], ""non-communicable"": [65], ""diseases"": [66], ""have"": [68], ""seen"": [69, 202, 231, 261, 270], ""an"": [70, 110], ""increase"": [71], ""related"": [73], ""deaths"": [74, 114], ""over"": [75], ""last"": [77], ""decades."": [79], ""The"": [80, 124], ""number"": [82], ""affected"": [84], ""serious"": [88], ""negative"": [89], ""consequences"": [90], ""chronic"": [92], ""should"": [94], ""lead"": [95], ""to"": [96, 99, 130, 150, 164], ""increased"": [97], ""efforts"": [98], ""improve"": [100], ""prevention"": [101], ""treatment"": [103], ""efforts."": [104], ""Around"": [105], ""world,"": [107], ""there"": [108], ""are"": [109, 119], ""estimated"": [111], ""1,800-1,600"": [112], ""extra"": [113], ""per"": [115], ""10000"": [116], ""patients"": [117], ""who"": [118], ""on"": [120], ""dialysis."": [121], ""\uf0d8"": [122, 140, 173, 240], ""Aim:"": [123], ""aim"": [125], ""study"": [128, 154, 217], ""determine"": [131], ""psychological"": [133, 188, 196, 249, 258], ""distress"": [134, 197, 200, 250, 259], ""self-esteem"": [136, 221, 238, 268], ""among"": [137, 155], ""dialysis"": [138, 157], ""patients."": [139, 158], ""Research"": [141], ""Methodology:"": [142], ""A"": [143], ""quantitative"": [144], ""cross-sectional"": [145], ""investigate"": [146], ""plan"": [147], ""was"": [148], ""utilized"": [149, 163], ""conduct"": [151], ""research"": [153], ""30"": [156], ""Convenient"": [159], ""sampling"": [160], ""techniques"": [161], ""were"": [162, 182, 247, 260, 269], ""collect"": [165], ""data"": [166], ""from"": [167], ""standardized"": [168], ""tool"": [169], ""using"": [170], ""questionnaire"": [171], ""techniques."": [172], ""Result:"": [174], ""Study"": [175], ""showed"": [176], ""36.7%"": [178], ""samples"": [181, 193, 246, 278], ""doing"": [183], ""well,"": [184], ""23.3%"": [185, 190], ""had"": [186, 194, 211, 219, 224, 279], ""mild"": [187, 254, 280], ""distress,"": [189], ""moderate"": [195], ""severe"": [199, 257], ""16.7%"": [204, 263], ""samples."": [207], ""73.3%"": [208], ""them"": [210], ""normal"": [212], ""self-esteem,"": [213], ""20%"": [214], ""population"": [218], ""low"": [220], ""6.7%"": [223], ""above"": [225], ""average"": [226, 282], ""self-esteem."": [227], ""Significant"": [228], ""relationship"": [229], ""between"": [232], ""social"": [233], ""family"": [235], ""support"": [236], ""(p=0.033)."": [239], ""Conclusion:"": [241], ""About"": [242], ""half"": [243], ""having"": [248], ""which"": [251], ""moderate,"": [256], ""samples,"": [266, 275], ""ordinal"": [267], ""73%"": [272], ""27%"": [276], ""self-"": [283], ""esteem."": [284]}"
https://openalex.org/W4241696032,South African Journal of Education,2024,https://doi.org/10.15700/201409161038,['https://openalex.org/P4310315363'],True,1710,,
https://openalex.org/W4400948341,Indian Journal of Medical Research,2024,https://doi.org/10.25259/ijmr,"['https://openalex.org/P4310318547', 'https://openalex.org/P4310320448']",False,1707,,
https://openalex.org/W562070977,Key Engineering Materials,2024,https://doi.org/10.4028/www.scientific.net/kem,['https://openalex.org/P4310317839'],False,1682,G. S. Ansell; David James Fisher,
https://openalex.org/W4396583326,Enhancements in Immediate Speech Emotion Detection: Harnessing Prosodic and Spectral Characteristics,2024,https://doi.org/10.38124/ijisrt/ijisrt24apr872,[],True,1662,Z. B. M. D. Shah; SHAN Zhiyong; Adnan,"{""Speech"": [0, 72], ""is"": [1, 75], ""essential"": [2], ""to"": [3, 31, 51, 66, 91, 103, 126, 174], ""human"": [4], ""communication"": [5], ""for"": [6, 81, 158], ""expressing"": [7], ""and"": [8, 22, 35, 54, 58, 86, 95, 122, 133, 145, 162, 170], ""understanding"": [9], ""feelings."": [10], ""Emotional"": [11], ""speech"": [12, 42], ""processing"": [13], ""has"": [14], ""challenges"": [15], ""with"": [16], ""expert"": [17], ""data"": [18, 33], ""sampling,"": [19], ""dataset"": [20], ""organization,"": [21], ""computational"": [23], ""complexity"": [24], ""in"": [25, 78, 83], ""large-scale"": [26], ""analysis."": [27], ""This"": [28, 88], ""study"": [29], ""aims"": [30, 90], ""reduce"": [32, 52], ""redundancy"": [34], ""high"": [36], ""dimensionality"": [37, 53], ""by"": [38], ""introducing"": [39], ""a"": [40], ""new"": [41], ""emotion"": [43, 69, 73, 98], ""recognition"": [44, 70, 74], ""system."": [45], ""The"": [46], ""system"": [47], ""employs"": [48], ""Diffusion"": [49], ""Map"": [50], ""includes"": [55], ""Decision"": [56], ""Trees"": [57], ""K-Nearest"": [59], ""Neighbors(KNN)ensemble"": [60], ""classifiers."": [61], ""These"": [62], ""strategies"": [63], ""are"": [64], ""suggested"": [65], ""increase"": [67], ""voice"": [68], ""accuracy."": [71], ""gaining"": [76], ""popularity"": [77], ""affective"": [79], ""computing"": [80], ""usage"": [82], ""medical,"": [84], ""industry,"": [85], ""academics."": [87], ""project"": [89], ""provide"": [92], ""an"": [93], ""efficient"": [94], ""robust"": [96], ""real-time"": [97, 159], ""identification"": [99], ""framework."": [100], ""In"": [101, 124], ""order"": [102, 125], ""identify"": [104], ""emotions"": [105], ""using"": [106], ""supervised"": [107], ""machine"": [108, 154], ""learning"": [109, 155], ""models,"": [110], ""this"": [111], ""work"": [112], ""makes"": [113], ""use"": [114], ""of"": [115], ""paralinguistic"": [116], ""factors"": [117], ""such"": [118], ""as"": [119], ""intensity,"": [120], ""pitch,"": [121], ""MFCC."": [123], ""classify"": [127], ""data,"": [128], ""experimental"": [129], ""analysis"": [130], ""integrates"": [131], ""prosodic"": [132], ""spectral"": [134], ""information"": [135], ""utilizing"": [136], ""methods"": [137], ""like"": [138], ""Random"": [139], ""Forest,"": [140], ""Multilayer"": [141], ""Perceptron,"": [142], ""SVM,"": [143], ""KNN,"": [144], ""Gaussian"": [146], ""Na\u00efve"": [147], ""Bayes."": [148], ""Fast"": [149], ""training"": [150], ""times"": [151], ""make"": [152], ""these"": [153], ""models"": [156], ""excellent"": [157], ""applications."": [160], ""SVM"": [161], ""MLP"": [163], ""have"": [164], ""the"": [165], ""highest"": [166], ""accuracy"": [167], ""at"": [168], ""70.86%"": [169], ""79.52%,"": [171], ""respectively."": [172], ""Comparisons"": [173], ""benchmarks"": [175], ""show"": [176], ""significant"": [177], ""improvements"": [178], ""over"": [179], ""earlier"": [180], ""models."": [181]}"
https://openalex.org/W4395010520,Beyond Mobile Payments: Exploring the Evolution and Future of Fintech (BY IJISRT),2024,https://doi.org/10.38124/ijisrt/ijisrt24apr259,[],True,1635,Mushtaq Ahmad Shah; Khomane Harish; Shradha; Kutlu Hansda; Diksha Chowdhury; Sakshi Yadav,"{""In"": [0], ""today's"": [1], ""digital"": [2, 162], ""age,"": [3], ""FinTech\u2019s"": [4], ""have"": [5, 174], ""become"": [6], ""universal,"": [7], ""transforming"": [8], ""the"": [9, 17, 32, 77, 88, 92, 99, 104, 110, 120, 123, 152, 161], ""way"": [10], ""individuals"": [11], ""conduct"": [12], ""financial"": [13], ""transactions."": [14, 86], ""However,"": [15], ""with"": [16, 156], ""convenience"": [18], ""of"": [19, 35, 70, 80, 103], ""Fintech"": [20, 36, 147], ""also"": [21], ""come"": [22], ""challenges"": [23], ""that"": [24], ""users"": [25, 56, 96], ""encounter."": [26], ""This"": [27, 166], ""book"": [28], ""chapter"": [29, 89, 124, 153], ""investigates"": [30], ""into"": [31, 91, 128], ""changing"": [33], ""landscape"": [34, 164], ""challenges,"": [37], ""drawing"": [38], ""insights"": [39, 127], ""from"": [40], ""a"": [41, 67], ""comprehensive"": [42], ""survey"": [43, 49, 121], ""conducted"": [44], ""among"": [45], ""various"": [46], ""respondents"": [47, 71], ""The"": [48], ""finds"": [50], ""three"": [51], ""primary"": [52], ""obstacles"": [53], ""faced"": [54], ""by"": [55, 95], ""during"": [57], ""Fintech:"": [58], ""network"": [59], ""issues,"": [60], ""time"": [61], ""consumption,"": [62], ""and"": [63, 114, 131, 141, 150, 173, 181], ""privacy"": [64, 101], ""concerns."": [65], ""Notably,"": [66], ""significant"": [68], ""proportion"": [69], ""reported"": [72], ""encountering"": [73], ""network-related"": [74], ""problems,"": [75], ""highlighting"": [76], ""critical"": [78], ""role"": [79], ""stable"": [81], ""connectivity"": [82], ""in"": [83], ""facilitating"": [84], ""seamless"": [85], ""Moreover,"": [87], ""explores"": [90], ""foiling"": [93], ""experienced"": [94], ""due"": [97], ""to"": [98, 133, 159, 170], ""time-and"": [100], ""nature"": [102], ""payment"": [105, 116, 163], ""process,"": [106], ""shedding"": [107], ""light"": [108], ""on"": [109], ""need"": [111], ""for"": [112, 177], ""streamlined"": [113], ""efficient"": [115], ""mechanisms."": [117], ""Building"": [118], ""upon"": [119], ""findings,"": [122], ""offers"": [125], ""valuable"": [126], ""potential"": [129], ""strategies"": [130], ""solutions"": [132], ""address"": [134], ""these"": [135], ""challenges."": [136], ""By"": [137], ""elucidating"": [138], ""practical"": [139, 175], ""approaches"": [140], ""technological"": [142], ""innovations"": [143], ""aimed"": [144], ""at"": [145], ""enhancing"": [146], ""systems'"": [148], ""efficiency"": [149], ""security,"": [151], ""equips"": [154], ""readers"": [155], ""actionable"": [157], ""knowledge"": [158], ""navigate"": [160], ""effectively."": [165], ""study's"": [167], ""findings"": [168], ""add"": [169], ""academic"": [171], ""discussion"": [172], ""implications"": [176], ""policymakers,"": [178], ""industry"": [179], ""practitioners,"": [180], ""educators."": [182]}"
